{ "compressionlevel":-1,
 "height":23,
 "infinite":false,
 "layers":[
        {
         "data":[1, 1, 1, 1, 4, 1, 4, 1, 1, 1, 1, 22, 8, 8, 8, 22, 1, 1, 1, 1, 1, 1, 1, 1, 1, 1, 4, 4, 1, 1, 1, 1, 1, 1, 22, 8, 8, 8, 22, 1, 12, 1, 4, 1, 1, 1, 1, 1, 1, 1, 1, 4, 1, 1, 1, 1, 1, 22, 8, 8, 8, 22, 22, 12, 14, 4, 1, 1, 1, 1, 4, 1, 2, 1, 1, 1, 1, 1, 1, 1, 22, 8, 8, 8, 8, 22, 1, 4, 4, 1, 1, 1, 9, 2, 1, 14, 1, 1, 1, 1, 1, 1, 1, 22, 8, 8, 8, 8, 22, 1, 1, 1, 1, 1, 1, 22, 22, 22, 22, 22, 22, 1, 1, 1, 1, 1, 22, 8, 8, 8, 8, 22, 1, 4, 4, 1, 1, 1, 8, 8, 8, 8, 8, 22, 22, 1, 9, 9, 13, 22, 8, 8, 8, 8, 22, 22, 1, 1, 1, 1, 1, 8, 8, 8, 8, 8, 8, 22, 22, 9, 1, 1, 1, 22, 8, 8, 8, 8, 22, 14, 1, 1, 13, 1, 22, 8, 8, 8, 8, 8, 8, 22, 22, 1, 1, 1, 22, 8, 8, 8, 8, 22, 22, 1, 1, 1, 1, 1, 22, 22, 22, 22, 8, 8, 8, 22, 22, 1, 22, 8, 8, 8, 8, 8, 8, 22, 22, 1, 1, 1, 13, 4, 1, 1, 22, 8, 8, 8, 8, 22, 22, 8, 8, 8, 8, 8, 8, 8, 8, 22, 22, 1, 1, 1, 1, 1, 1, 1, 22, 8, 8, 8, 8, 8, 8, 8, 22, 22, 22, 22, 8, 8, 8, 22, 1, 1, 1, 1, 9, 1, 1, 1, 22, 8, 8, 8, 8, 22, 22, 22, 1, 1, 22, 8, 8, 8, 22, 1, 1, 1, 1, 4, 1, 1, 1, 1, 22, 22, 22, 22, 22, 1, 1, 22, 22, 8, 8, 8, 8, 22, 1, 1, 1, 1, 4, 1, 1, 1, 1, 1, 1, 1, 1, 1, 1, 22, 22, 8, 8, 8, 8, 8, 22, 1, 1, 1, 1, 1, 1, 9, 9, 4, 1, 1, 1, 1, 1, 22, 8, 8, 8, 8, 8, 22, 22, 22, 1, 1, 1, 1, 4, 1, 1, 1, 9, 1, 1, 1, 12, 1, 22, 8, 8, 8, 22, 22, 22, 1, 1, 1, 1, 1, 4, 1, 1, 1, 1, 9, 9, 1, 1, 1, 1, 1, 22, 8, 8, 22, 1, 14, 4, 2, 1, 1, 1, 1, 1, 1, 1, 1, 1, 1, 1, 1, 1, 1, 1, 22, 8, 8, 22, 22, 1, 1, 4, 4, 1, 1, 1, 1, 1, 1, 12, 1, 1, 1, 1, 1, 1, 1, 22, 8, 8, 8, 22, 22, 22, 22, 22, 22, 1, 13, 1, 1, 1, 1, 4, 1, 1, 4, 1, 1, 1, 1, 22, 8, 8, 8, 8, 8, 65, 66, 66, 1, 1, 14, 1, 12, 1, 1, 1, 1, 2, 1, 1, 1, 1, 1, 22, 8, 8, 8, 8, 67, 68, 68, 1, 1, 14, 1, 1, 1, 1, 1, 1, 2, 9, 1, 1, 1, 1, 22, 22, 8, 8, 8, 67, 68, 68],
         "height":23,
         "id":1,
         "name":"Calque de Tuiles 1",
         "opacity":1,
         "type":"tilelayer",
         "visible":true,
         "width":23,
         "x":0,
         "y":0
        }],
 "nextlayerid":4,
 "nextobjectid":1,
 "orientation":"orthogonal",
 "renderorder":"right-down",
 "tiledversion":"1.8.0",
 "tileheight":32,
 "tilesets":[
        {
         "firstgid":1,
         "source":"tileset x1.tsx"
        }, 
        {
         "firstgid":65,
         "source":"buildings.tsx"
        }],
 "tilewidth":32,
 "type":"map",
 "version":"1.8",
 "width":23
}